<?xml version="1.0" encoding="UTF-8"?>
<GenRun Id="impl_1" LaunchPart="xc7a35tcpg236-1" LaunchTime="1491035977">
  <File Type="ROUTE-STATUS-PB" Name="myDAC_TOP_route_status.pb"/>
  <File Type="PA-TCL" Name="myDAC_TOP.tcl"/>
  <File Type="OPT-DCP" Name="myDAC_TOP_opt.dcp"/>
  <File Type="INIT-TIMING" Name="myDAC_TOP_timing_summary_init.rpt"/>
  <File Type="OPT-METHODOLOGY-DRC" Name="myDAC_TOP_methodology_drc_opted.rpt"/>
  <File Type="RDI-RDI" Name="myDAC_TOP.vdi"/>
  <File Type="PWROPT-DRC" Name="myDAC_TOP_drc_pwropted.rpt"/>
  <File Type="OPT-DRC" Name="myDAC_TOP_drc_opted.rpt"/>
  <File Type="PWROPT-DCP" Name="myDAC_TOP_pwropt.dcp"/>
  <File Type="OPT-HWDEF" Name="myDAC_TOP.hwdef"/>
  <File Type="OPT-TIMING" Name="myDAC_TOP_timing_summary_opted.rpt"/>
  <File Type="PWROPT-TIMING" Name="myDAC_TOP_timing_summary_pwropted.rpt"/>
  <File Type="PLACE-DCP" Name="myDAC_TOP_placed.dcp"/>
  <File Type="PLACE-IO" Name="myDAC_TOP_io_placed.rpt"/>
  <File Type="PLACE-CLK" Name="myDAC_TOP_clock_utilization_placed.rpt"/>
  <File Type="PLACE-UTIL" Name="myDAC_TOP_utilization_placed.rpt"/>
  <File Type="PLACE-UTIL-PB" Name="myDAC_TOP_utilization_placed.pb"/>
  <File Type="PLACE-CTRL" Name="myDAC_TOP_control_sets_placed.rpt"/>
  <File Type="PLACE-SIMILARITY" Name="myDAC_TOP_incremental_reuse_placed.rpt"/>
  <File Type="PLACE-PRE-SIMILARITY" Name="myDAC_TOP_incremental_reuse_pre_placed.rpt"/>
  <File Type="PLACE-TIMING" Name="myDAC_TOP_timing_summary_placed.rpt"/>
  <File Type="POSTPLACE-PWROPT-DCP" Name="myDAC_TOP_postplace_pwropt.dcp"/>
  <File Type="POSTPLACE-PWROPT-TIMING" Name="myDAC_TOP_timing_summary_postplace_pwropted.rpt"/>
  <File Type="PHYSOPT-DCP" Name="myDAC_TOP_physopt.dcp"/>
  <File Type="PHYSOPT-DRC" Name="myDAC_TOP_drc_physopted.rpt"/>
  <File Type="PHYSOPT-TIMING" Name="myDAC_TOP_timing_summary_physopted.rpt"/>
  <File Type="ROUTE-DCP" Name="myDAC_TOP_routed.dcp"/>
  <File Type="ROUTE-BLACKBOX-DCP" Name="myDAC_TOP_routed_bb.dcp"/>
  <File Type="ROUTE-DRC" Name="myDAC_TOP_drc_routed.rpt"/>
  <File Type="ROUTE-DRC-PB" Name="myDAC_TOP_drc_routed.pb"/>
  <File Type="ROUTE-METHODOLOGY-DRC" Name="myDAC_TOP_methodology_drc_routed.rpt"/>
  <File Type="ROUTE-METHODOLOGY-DRC-PB" Name="myDAC_TOP_methodology_drc_routed.pb"/>
  <File Type="BG-BIT" Name="myDAC_TOP.bit"/>
  <File Type="ROUTE-PWR" Name="myDAC_TOP_power_routed.rpt"/>
  <File Type="ROUTE-PWR-SUM" Name="myDAC_TOP_power_summary_routed.pb"/>
  <File Type="ROUTE-PWR-RPX" Name="myDAC_TOP_power_routed.rpx"/>
  <File Type="ROUTE-STATUS" Name="myDAC_TOP_route_status.rpt"/>
  <File Type="ROUTE-TIMINGSUMMARY" Name="myDAC_TOP_timing_summary_routed.rpt"/>
  <File Type="ROUTE-TIMING-PB" Name="myDAC_TOP_timing_summary_routed.pb"/>
  <File Type="ROUTE-TIMING-RPX" Name="myDAC_TOP_timing_summary_routed.rpx"/>
  <File Type="ROUTE-SIMILARITY" Name="myDAC_TOP_incremental_reuse_routed.rpt"/>
  <File Type="ROUTE-CLK" Name="myDAC_TOP_clock_utilization_routed.rpt"/>
  <File Type="POSTROUTE-PHYSOPT-DCP" Name="myDAC_TOP_postroute_physopt.dcp"/>
  <File Type="POSTROUTE-PHYSOPT-BLACKBOX-DCP" Name="myDAC_TOP_postroute_physopt_bb.dcp"/>
  <File Type="POSTROUTE-PHYSOPT-TIMING" Name="myDAC_TOP_timing_summary_postroute_physopted.rpt"/>
  <File Type="POSTROUTE-PHYSOPT-TIMING-PB" Name="myDAC_TOP_timing_summary_postroute_physopted.pb"/>
  <File Type="POSTROUTE-PHYSOPT-TIMING-RPX" Name="myDAC_TOP_timing_summary_postroute_physopted.rpx"/>
  <File Type="BG-BIN" Name="myDAC_TOP.bin"/>
  <File Type="BITSTR-MSK" Name="myDAC_TOP.msk"/>
  <File Type="BITSTR-RBT" Name="myDAC_TOP.rbt"/>
  <File Type="BITSTR-NKY" Name="myDAC_TOP.nky"/>
  <File Type="BITSTR-BMM" Name="myDAC_TOP_bd.bmm"/>
  <File Type="BITSTR-MMI" Name="myDAC_TOP.mmi"/>
  <File Type="BITSTR-SYSDEF" Name="myDAC_TOP.sysdef"/>
  <File Type="BG-BGN" Name="myDAC_TOP.bgn"/>
  <File Type="BG-DRC" Name="myDAC_TOP.drc"/>
  <File Type="WBT-USG" Name="usage_statistics_webtalk.html"/>
  <FileSet Name="sources" Type="DesignSrcs" RelSrcDir="$PSRCDIR/sources_1">
    <Filter Type="Srcs"/>
    <File Path="$PSRCDIR/sources_1/new/sevenseg_freq.v">
      <FileInfo>
        <Attr Name="ImportPath" Val="$PPRDIR/../../../../../EE2020_myDAC/EE2020_myDAC.srcs/sources_1/new/sevenseg_freq.v"/>
        <Attr Name="ImportTime" Val="1490772497"/>
        <Attr Name="UsedIn" Val="synthesis"/>
        <Attr Name="UsedIn" Val="implementation"/>
        <Attr Name="UsedIn" Val="simulation"/>
      </FileInfo>
    </File>
    <File Path="$PSRCDIR/sources_1/new/sevenseg_dp.v">
      <FileInfo>
        <Attr Name="ImportPath" Val="$PPRDIR/../../../../../EE2020_myDAC/EE2020_myDAC.srcs/sources_1/new/sevenseg_dp.v"/>
        <Attr Name="ImportTime" Val="1490090353"/>
        <Attr Name="UsedIn" Val="synthesis"/>
        <Attr Name="UsedIn" Val="implementation"/>
        <Attr Name="UsedIn" Val="simulation"/>
      </FileInfo>
    </File>
    <File Path="$PSRCDIR/sources_1/new/sevenseg.v">
      <FileInfo>
        <Attr Name="ImportPath" Val="$PPRDIR/../../../../../EE2020_myDAC/EE2020_myDAC.srcs/sources_1/new/sevenseg.v"/>
        <Attr Name="ImportTime" Val="1489572757"/>
        <Attr Name="UsedIn" Val="synthesis"/>
        <Attr Name="UsedIn" Val="implementation"/>
        <Attr Name="UsedIn" Val="simulation"/>
      </FileInfo>
    </File>
    <File Path="$PSRCDIR/sources_1/new/parser_voltage.v">
      <FileInfo>
        <Attr Name="ImportPath" Val="$PPRDIR/../../../../../EE2020_myDAC/EE2020_myDAC.srcs/sources_1/new/parser_voltage.v"/>
        <Attr Name="ImportTime" Val="1490095024"/>
        <Attr Name="UsedIn" Val="synthesis"/>
        <Attr Name="UsedIn" Val="implementation"/>
        <Attr Name="UsedIn" Val="simulation"/>
      </FileInfo>
    </File>
    <File Path="$PSRCDIR/sources_1/new/amp_calc.v">
      <FileInfo>
        <Attr Name="ImportPath" Val="$PPRDIR/../../../../../EE2020_myDAC/EE2020_myDAC.srcs/sources_1/new/amp_calc.v"/>
        <Attr Name="ImportTime" Val="1490791123"/>
        <Attr Name="UsedIn" Val="synthesis"/>
        <Attr Name="UsedIn" Val="implementation"/>
        <Attr Name="UsedIn" Val="simulation"/>
      </FileInfo>
    </File>
    <File Path="$PSRCDIR/sources_1/new/get_count.v">
      <FileInfo>
        <Attr Name="ImportPath" Val="$PPRDIR/../../../../../EE2020_myDAC/EE2020_myDAC.srcs/sources_1/new/get_count.v"/>
        <Attr Name="ImportTime" Val="1490705227"/>
        <Attr Name="UsedIn" Val="synthesis"/>
        <Attr Name="UsedIn" Val="implementation"/>
        <Attr Name="UsedIn" Val="simulation"/>
      </FileInfo>
    </File>
    <File Path="$PSRCDIR/sources_1/new/dff.v">
      <FileInfo>
        <Attr Name="ImportPath" Val="$PPRDIR/../../../../../EE2020_myDAC/EE2020_myDAC.srcs/sources_1/new/dff.v"/>
        <Attr Name="ImportTime" Val="1489472376"/>
        <Attr Name="UsedIn" Val="synthesis"/>
        <Attr Name="UsedIn" Val="implementation"/>
        <Attr Name="UsedIn" Val="simulation"/>
      </FileInfo>
    </File>
    <File Path="$PSRCDIR/sources_1/new/get_count_sin.v">
      <FileInfo>
        <Attr Name="ImportPath" Val="$PPRDIR/../../../../../EE2020_myDAC/EE2020_myDAC.srcs/sources_1/new/get_count_sin.v"/>
        <Attr Name="ImportTime" Val="1490788642"/>
        <Attr Name="UsedIn" Val="synthesis"/>
        <Attr Name="UsedIn" Val="implementation"/>
        <Attr Name="UsedIn" Val="simulation"/>
      </FileInfo>
    </File>
    <File Path="$PSRCDIR/sources_1/new/arb_gen.v">
      <FileInfo>
        <Attr Name="ImportPath" Val="$PPRDIR/../../../../EE2020_myDAC.srcs/sources_1/new/arb_gen.v"/>
        <Attr Name="ImportTime" Val="1491032085"/>
        <Attr Name="UsedIn" Val="synthesis"/>
        <Attr Name="UsedIn" Val="implementation"/>
        <Attr Name="UsedIn" Val="simulation"/>
      </FileInfo>
    </File>
    <File Path="$PSRCDIR/sources_1/new/am_gen.v">
      <FileInfo>
        <Attr Name="ImportPath" Val="$PPRDIR/../../../../EE2020_myDAC.srcs/sources_1/new/am_gen.v"/>
        <Attr Name="ImportTime" Val="1491030902"/>
        <Attr Name="UsedIn" Val="synthesis"/>
        <Attr Name="UsedIn" Val="implementation"/>
        <Attr Name="UsedIn" Val="simulation"/>
      </FileInfo>
    </File>
    <File Path="$PSRCDIR/sources_1/new/clk_divider.v">
      <FileInfo>
        <Attr Name="ImportPath" Val="$PPRDIR/../../../../EE2020_myDAC.srcs/sources_1/new/clk_divider.v"/>
        <Attr Name="ImportTime" Val="1491014031"/>
        <Attr Name="UsedIn" Val="synthesis"/>
        <Attr Name="UsedIn" Val="implementation"/>
        <Attr Name="UsedIn" Val="simulation"/>
      </FileInfo>
    </File>
    <File Path="$PSRCDIR/sources_1/new/display_selector.v">
      <FileInfo>
        <Attr Name="ImportPath" Val="$PPRDIR/../../../../../EE2020_myDAC/EE2020_myDAC.srcs/sources_1/new/display_selector.v"/>
        <Attr Name="ImportTime" Val="1490791369"/>
        <Attr Name="UsedIn" Val="synthesis"/>
        <Attr Name="UsedIn" Val="implementation"/>
        <Attr Name="UsedIn" Val="simulation"/>
      </FileInfo>
    </File>
    <File Path="$PSRCDIR/sources_1/new/display_led.v">
      <FileInfo>
        <Attr Name="ImportPath" Val="$PPRDIR/../../../../EE2020_myDAC.srcs/sources_1/new/display_led.v"/>
        <Attr Name="ImportTime" Val="1491031232"/>
        <Attr Name="UsedIn" Val="synthesis"/>
        <Attr Name="UsedIn" Val="implementation"/>
        <Attr Name="UsedIn" Val="simulation"/>
      </FileInfo>
    </File>
    <File Path="$PSRCDIR/sources_1/new/signal_selector.v">
      <FileInfo>
        <Attr Name="ImportPath" Val="$PPRDIR/../../../../EE2020_myDAC.srcs/sources_1/new/signal_selector.v"/>
        <Attr Name="ImportTime" Val="1491034290"/>
        <Attr Name="UsedIn" Val="synthesis"/>
        <Attr Name="UsedIn" Val="implementation"/>
        <Attr Name="UsedIn" Val="simulation"/>
      </FileInfo>
    </File>
    <File Path="$PSRCDIR/sources_1/new/frequency_selector.v">
      <FileInfo>
        <Attr Name="ImportPath" Val="$PPRDIR/../../../../../EE2020_myDAC/EE2020_myDAC.srcs/sources_1/new/frequency_selector.v"/>
        <Attr Name="ImportTime" Val="1490777347"/>
        <Attr Name="UsedIn" Val="synthesis"/>
        <Attr Name="UsedIn" Val="implementation"/>
        <Attr Name="UsedIn" Val="simulation"/>
      </FileInfo>
    </File>
    <File Path="$PSRCDIR/sources_1/new/clock_divider.v">
      <FileInfo>
        <Attr Name="ImportPath" Val="$PPRDIR/../../../../../EE2020_myDAC/EE2020_myDAC.srcs/sources_1/new/clock_divider.v"/>
        <Attr Name="ImportTime" Val="1490855443"/>
        <Attr Name="UsedIn" Val="synthesis"/>
        <Attr Name="UsedIn" Val="implementation"/>
        <Attr Name="UsedIn" Val="simulation"/>
      </FileInfo>
    </File>
    <File Path="$PSRCDIR/sources_1/new/sine_gen.v">
      <FileInfo>
        <Attr Name="ImportPath" Val="$PPRDIR/../../../../../EE2020_myDAC/EE2020_myDAC.srcs/sources_1/new/sine_gen.v"/>
        <Attr Name="ImportTime" Val="1490788557"/>
        <Attr Name="UsedIn" Val="synthesis"/>
        <Attr Name="UsedIn" Val="implementation"/>
        <Attr Name="UsedIn" Val="simulation"/>
      </FileInfo>
    </File>
    <File Path="$PSRCDIR/sources_1/new/triangle_gen.v">
      <FileInfo>
        <Attr Name="ImportPath" Val="$PPRDIR/../../../../../EE2020_myDAC/EE2020_myDAC.srcs/sources_1/new/triangle_gen.v"/>
        <Attr Name="ImportTime" Val="1490615909"/>
        <Attr Name="UsedIn" Val="synthesis"/>
        <Attr Name="UsedIn" Val="implementation"/>
        <Attr Name="UsedIn" Val="simulation"/>
      </FileInfo>
    </File>
    <File Path="$PSRCDIR/sources_1/new/step_sel.v">
      <FileInfo>
        <Attr Name="ImportPath" Val="$PPRDIR/../../../../../EE2020_myDAC/EE2020_myDAC.srcs/sources_1/new/step_sel.v"/>
        <Attr Name="ImportTime" Val="1490783092"/>
        <Attr Name="UsedIn" Val="synthesis"/>
        <Attr Name="UsedIn" Val="implementation"/>
        <Attr Name="UsedIn" Val="simulation"/>
      </FileInfo>
    </File>
    <File Path="$PSRCDIR/sources_1/new/step_calc.v">
      <FileInfo>
        <Attr Name="ImportPath" Val="$PPRDIR/../../../../../EE2020_myDAC/EE2020_myDAC.srcs/sources_1/new/step_calc.v"/>
        <Attr Name="ImportTime" Val="1490790273"/>
        <Attr Name="UsedIn" Val="synthesis"/>
        <Attr Name="UsedIn" Val="implementation"/>
        <Attr Name="UsedIn" Val="simulation"/>
      </FileInfo>
    </File>
    <File Path="$PSRCDIR/sources_1/new/square_gen.v">
      <FileInfo>
        <Attr Name="ImportPath" Val="$PPRDIR/../../../../../EE2020_myDAC/EE2020_myDAC.srcs/sources_1/new/square_gen.v"/>
        <Attr Name="ImportTime" Val="1489980549"/>
        <Attr Name="UsedIn" Val="synthesis"/>
        <Attr Name="UsedIn" Val="implementation"/>
        <Attr Name="UsedIn" Val="simulation"/>
      </FileInfo>
    </File>
    <File Path="$PSRCDIR/sources_1/new/single_pulse.v">
      <FileInfo>
        <Attr Name="ImportPath" Val="$PPRDIR/../../../../../EE2020_myDAC/EE2020_myDAC.srcs/sources_1/new/single_pulse.v"/>
        <Attr Name="ImportTime" Val="1489472418"/>
        <Attr Name="UsedIn" Val="synthesis"/>
        <Attr Name="UsedIn" Val="implementation"/>
        <Attr Name="UsedIn" Val="simulation"/>
      </FileInfo>
    </File>
    <File Path="$PSRCDIR/sources_1/new/duty_cycle_control.v">
      <FileInfo>
        <Attr Name="ImportPath" Val="$PPRDIR/../../../../../EE2020_myDAC/EE2020_myDAC.srcs/sources_1/new/duty_cycle_control.v"/>
        <Attr Name="ImportTime" Val="1490777459"/>
        <Attr Name="UsedIn" Val="synthesis"/>
        <Attr Name="UsedIn" Val="implementation"/>
        <Attr Name="UsedIn" Val="simulation"/>
      </FileInfo>
    </File>
    <File Path="$PSRCDIR/sources_1/new/dc_gen.v">
      <FileInfo>
        <Attr Name="ImportPath" Val="$PPRDIR/../../../../../EE2020_myDAC/EE2020_myDAC.srcs/sources_1/new/dc_gen.v"/>
        <Attr Name="ImportTime" Val="1489474294"/>
        <Attr Name="UsedIn" Val="synthesis"/>
        <Attr Name="UsedIn" Val="implementation"/>
        <Attr Name="UsedIn" Val="simulation"/>
      </FileInfo>
    </File>
    <File Path="$PSRCDIR/sources_1/imports/sources_1/imports/SourceFiles/DA2RefComp.vhd">
      <FileInfo>
        <Attr Name="ImportPath" Val="$PPRDIR/../../../../../../../../../../../../../../../../../../Xilinx/DJ/EE2020_Template/EE2020_Template.srcs/sources_1/imports/sources_1/imports/SourceFiles/DA2RefComp.vhd"/>
        <Attr Name="ImportTime" Val="1475398782"/>
        <Attr Name="UsedIn" Val="synthesis"/>
        <Attr Name="UsedIn" Val="simulation"/>
      </FileInfo>
    </File>
    <File Path="$PSRCDIR/sources_1/imports/sources_1/new/myDAC_TOP.v">
      <FileInfo>
        <Attr Name="ImportPath" Val="$PPRDIR/../../../../../../../../../../../../../../../../../../Xilinx/DJ/EE2020_Template/EE2020_Template.srcs/sources_1/imports/sources_1/new/myDAC_TOP.v"/>
        <Attr Name="ImportTime" Val="1488728453"/>
        <Attr Name="UsedIn" Val="synthesis"/>
        <Attr Name="UsedIn" Val="implementation"/>
        <Attr Name="UsedIn" Val="simulation"/>
      </FileInfo>
    </File>
    <File Path="$PSRCDIR/sources_1/new/temp_div.v">
      <FileInfo>
        <Attr Name="AutoDisabled" Val="1"/>
        <Attr Name="ImportPath" Val="$PPRDIR/../../../../EE2020_myDAC.srcs/sources_1/new/temp_div.v"/>
        <Attr Name="ImportTime" Val="1490950712"/>
        <Attr Name="UsedIn" Val="synthesis"/>
        <Attr Name="UsedIn" Val="implementation"/>
        <Attr Name="UsedIn" Val="simulation"/>
      </FileInfo>
    </File>
    <File Path="$PSRCDIR/sources_1/imports/EE2020_myDAC/archive_project_summary.txt">
      <FileInfo>
        <Attr Name="ImportPath" Val="$PPRDIR/../../../../../EE2020_myDAC/archive_project_summary.txt"/>
        <Attr Name="ImportTime" Val="1488728492"/>
      </FileInfo>
    </File>
    <File Path="$PPRDIR/../../../../archive_project_summary.txt"/>
    <Config>
      <Option Name="DesignMode" Val="RTL"/>
      <Option Name="TopModule" Val="myDAC_TOP"/>
      <Option Name="TopAutoSet" Val="TRUE"/>
    </Config>
  </FileSet>
  <FileSet Name="constrs_in" Type="Constrs" RelSrcDir="$PSRCDIR/constrs_1">
    <Filter Type="Constrs"/>
    <File Path="$PSRCDIR/constrs_1/imports/_solution_files/Basys3_Master.xdc">
      <FileInfo>
        <Attr Name="ImportPath" Val="$PPRDIR/../../../../../../../../../../../../../../../../../../Xilinx/DJ/EE2020_Template/EE2020_Template.srcs/constrs_1/imports/_solution_files/Basys3_Master.xdc"/>
        <Attr Name="ImportTime" Val="1488728037"/>
        <Attr Name="UsedIn" Val="synthesis"/>
        <Attr Name="UsedIn" Val="implementation"/>
      </FileInfo>
    </File>
    <Config>
      <Option Name="ConstrsType" Val="XDC"/>
    </Config>
  </FileSet>
  <Strategy Version="1" Minor="2">
    <StratHandle Name="Vivado Implementation Defaults" Flow="Vivado Implementation 2016"/>
    <Step Id="init_design"/>
    <Step Id="opt_design"/>
    <Step Id="power_opt_design"/>
    <Step Id="place_design"/>
    <Step Id="post_place_power_opt_design"/>
    <Step Id="phys_opt_design"/>
    <Step Id="route_design"/>
    <Step Id="post_route_phys_opt_design"/>
    <Step Id="write_bitstream"/>
  </Strategy>
</GenRun>
