<?xml version="1.0" encoding="UTF-8"?>
<GenRun Id="synth_1" LaunchPart="xc7a35tcpg236-1" LaunchTime="1491035977">
  <File Type="PA-TCL" Name="myDAC_TOP.tcl"/>
  <File Type="RDS-PROPCONSTRS" Name="myDAC_TOP_drc_synth.rpt"/>
  <File Type="RDS-RDS" Name="myDAC_TOP.vds"/>
  <File Type="RDS-UTIL" Name="myDAC_TOP_utilization_synth.rpt"/>
  <File Type="RDS-UTIL-PB" Name="myDAC_TOP_utilization_synth.pb"/>
  <File Type="RDS-DCP" Name="myDAC_TOP.dcp"/>
  <File Type="VDS-TIMINGSUMMARY" Name="myDAC_TOP_timing_summary_synth.rpt"/>
  <File Type="VDS-TIMING-PB" Name="myDAC_TOP_timing_summary_synth.pb"/>
  <FileSet Name="sources" Type="DesignSrcs" RelSrcDir="$PSRCDIR/sources_1">
    <Filter Type="Srcs"/>
    <File Path="$PSRCDIR/sources_1/new/sevenseg_freq.v">
      <FileInfo>
        <Attr Name="ImportPath" Val="$PPRDIR/../../../../../EE2020_myDAC/EE2020_myDAC.srcs/sources_1/new/sevenseg_freq.v"/>
        <Attr Name="ImportTime" Val="1490772497"/>
        <Attr Name="UsedIn" Val="synthesis"/>
        <Attr Name="UsedIn" Val="implementation"/>
        <Attr Name="UsedIn" Val="simulation"/>
      </FileInfo>
    </File>
    <File Path="$PSRCDIR/sources_1/new/sevenseg_dp.v">
      <FileInfo>
        <Attr Name="ImportPath" Val="$PPRDIR/../../../../../EE2020_myDAC/EE2020_myDAC.srcs/sources_1/new/sevenseg_dp.v"/>
        <Attr Name="ImportTime" Val="1490090353"/>
        <Attr Name="UsedIn" Val="synthesis"/>
        <Attr Name="UsedIn" Val="implementation"/>
        <Attr Name="UsedIn" Val="simulation"/>
      </FileInfo>
    </File>
    <File Path="$PSRCDIR/sources_1/new/sevenseg.v">
      <FileInfo>
        <Attr Name="ImportPath" Val="$PPRDIR/../../../../../EE2020_myDAC/EE2020_myDAC.srcs/sources_1/new/sevenseg.v"/>
        <Attr Name="ImportTime" Val="1489572757"/>
        <Attr Name="UsedIn" Val="synthesis"/>
        <Attr Name="UsedIn" Val="implementation"/>
        <Attr Name="UsedIn" Val="simulation"/>
      </FileInfo>
    </File>
    <File Path="$PSRCDIR/sources_1/new/parser_voltage.v">
      <FileInfo>
        <Attr Name="ImportPath" Val="$PPRDIR/../../../../../EE2020_myDAC/EE2020_myDAC.srcs/sources_1/new/parser_voltage.v"/>
        <Attr Name="ImportTime" Val="1490095024"/>
        <Attr Name="UsedIn" Val="synthesis"/>
        <Attr Name="UsedIn" Val="implementation"/>
        <Attr Name="UsedIn" Val="simulation"/>
      </FileInfo>
    </File>
    <File Path="$PSRCDIR/sources_1/new/amp_calc.v">
      <FileInfo>
        <Attr Name="ImportPath" Val="$PPRDIR/../../../../../EE2020_myDAC/EE2020_myDAC.srcs/sources_1/new/amp_calc.v"/>
        <Attr Name="ImportTime" Val="1490791123"/>
        <Attr Name="UsedIn" Val="synthesis"/>
        <Attr Name="UsedIn" Val="implementation"/>
        <Attr Name="UsedIn" Val="simulation"/>
      </FileInfo>
    </File>
    <File Path="$PSRCDIR/sources_1/new/get_count.v">
      <FileInfo>
        <Attr Name="ImportPath" Val="$PPRDIR/../../../../../EE2020_myDAC/EE2020_myDAC.srcs/sources_1/new/get_count.v"/>
        <Attr Name="ImportTime" Val="1490705227"/>
        <Attr Name="UsedIn" Val="synthesis"/>
        <Attr Name="UsedIn" Val="implementation"/>
        <Attr Name="UsedIn" Val="simulation"/>
      </FileInfo>
    </File>
    <File Path="$PSRCDIR/sources_1/new/dff.v">
      <FileInfo>
        <Attr Name="ImportPath" Val="$PPRDIR/../../../../../EE2020_myDAC/EE2020_myDAC.srcs/sources_1/new/dff.v"/>
        <Attr Name="ImportTime" Val="1489472376"/>
        <Attr Name="UsedIn" Val="synthesis"/>
        <Attr Name="UsedIn" Val="implementation"/>
        <Attr Name="UsedIn" Val="simulation"/>
      </FileInfo>
    </File>
    <File Path="$PSRCDIR/sources_1/new/get_count_sin.v">
      <FileInfo>
        <Attr Name="ImportPath" Val="$PPRDIR/../../../../../EE2020_myDAC/EE2020_myDAC.srcs/sources_1/new/get_count_sin.v"/>
        <Attr Name="ImportTime" Val="1490788642"/>
        <Attr Name="UsedIn" Val="synthesis"/>
        <Attr Name="UsedIn" Val="implementation"/>
        <Attr Name="UsedIn" Val="simulation"/>
      </FileInfo>
    </File>
    <File Path="$PSRCDIR/sources_1/new/arb_gen.v">
      <FileInfo>
        <Attr Name="ImportPath" Val="$PPRDIR/../../../../EE2020_myDAC.srcs/sources_1/new/arb_gen.v"/>
        <Attr Name="ImportTime" Val="1491032085"/>
        <Attr Name="UsedIn" Val="synthesis"/>
        <Attr Name="UsedIn" Val="implementation"/>
        <Attr Name="UsedIn" Val="simulation"/>
      </FileInfo>
    </File>
    <File Path="$PSRCDIR/sources_1/new/am_gen.v">
      <FileInfo>
        <Attr Name="ImportPath" Val="$PPRDIR/../../../../EE2020_myDAC.srcs/sources_1/new/am_gen.v"/>
        <Attr Name="ImportTime" Val="1491030902"/>
        <Attr Name="UsedIn" Val="synthesis"/>
        <Attr Name="UsedIn" Val="implementation"/>
        <Attr Name="UsedIn" Val="simulation"/>
      </FileInfo>
    </File>
    <File Path="$PSRCDIR/sources_1/new/clk_divider.v">
      <FileInfo>
        <Attr Name="ImportPath" Val="$PPRDIR/../../../../EE2020_myDAC.srcs/sources_1/new/clk_divider.v"/>
        <Attr Name="ImportTime" Val="1491014031"/>
        <Attr Name="UsedIn" Val="synthesis"/>
        <Attr Name="UsedIn" Val="implementation"/>
        <Attr Name="UsedIn" Val="simulation"/>
      </FileInfo>
    </File>
    <File Path="$PSRCDIR/sources_1/new/display_selector.v">
      <FileInfo>
        <Attr Name="ImportPath" Val="$PPRDIR/../../../../../EE2020_myDAC/EE2020_myDAC.srcs/sources_1/new/display_selector.v"/>
        <Attr Name="ImportTime" Val="1490791369"/>
        <Attr Name="UsedIn" Val="synthesis"/>
        <Attr Name="UsedIn" Val="implementation"/>
        <Attr Name="UsedIn" Val="simulation"/>
      </FileInfo>
    </File>
    <File Path="$PSRCDIR/sources_1/new/display_led.v">
      <FileInfo>
        <Attr Name="ImportPath" Val="$PPRDIR/../../../../EE2020_myDAC.srcs/sources_1/new/display_led.v"/>
        <Attr Name="ImportTime" Val="1491031232"/>
        <Attr Name="UsedIn" Val="synthesis"/>
        <Attr Name="UsedIn" Val="implementation"/>
        <Attr Name="UsedIn" Val="simulation"/>
      </FileInfo>
    </File>
    <File Path="$PSRCDIR/sources_1/new/signal_selector.v">
      <FileInfo>
        <Attr Name="ImportPath" Val="$PPRDIR/../../../../EE2020_myDAC.srcs/sources_1/new/signal_selector.v"/>
        <Attr Name="ImportTime" Val="1491034290"/>
        <Attr Name="UsedIn" Val="synthesis"/>
        <Attr Name="UsedIn" Val="implementation"/>
        <Attr Name="UsedIn" Val="simulation"/>
      </FileInfo>
    </File>
    <File Path="$PSRCDIR/sources_1/new/frequency_selector.v">
      <FileInfo>
        <Attr Name="ImportPath" Val="$PPRDIR/../../../../../EE2020_myDAC/EE2020_myDAC.srcs/sources_1/new/frequency_selector.v"/>
        <Attr Name="ImportTime" Val="1490777347"/>
        <Attr Name="UsedIn" Val="synthesis"/>
        <Attr Name="UsedIn" Val="implementation"/>
        <Attr Name="UsedIn" Val="simulation"/>
      </FileInfo>
    </File>
    <File Path="$PSRCDIR/sources_1/new/clock_divider.v">
      <FileInfo>
        <Attr Name="ImportPath" Val="$PPRDIR/../../../../../EE2020_myDAC/EE2020_myDAC.srcs/sources_1/new/clock_divider.v"/>
        <Attr Name="ImportTime" Val="1490855443"/>
        <Attr Name="UsedIn" Val="synthesis"/>
        <Attr Name="UsedIn" Val="implementation"/>
        <Attr Name="UsedIn" Val="simulation"/>
      </FileInfo>
    </File>
    <File Path="$PSRCDIR/sources_1/new/sine_gen.v">
      <FileInfo>
        <Attr Name="ImportPath" Val="$PPRDIR/../../../../../EE2020_myDAC/EE2020_myDAC.srcs/sources_1/new/sine_gen.v"/>
        <Attr Name="ImportTime" Val="1490788557"/>
        <Attr Name="UsedIn" Val="synthesis"/>
        <Attr Name="UsedIn" Val="implementation"/>
        <Attr Name="UsedIn" Val="simulation"/>
      </FileInfo>
    </File>
    <File Path="$PSRCDIR/sources_1/new/triangle_gen.v">
      <FileInfo>
        <Attr Name="ImportPath" Val="$PPRDIR/../../../../../EE2020_myDAC/EE2020_myDAC.srcs/sources_1/new/triangle_gen.v"/>
        <Attr Name="ImportTime" Val="1490615909"/>
        <Attr Name="UsedIn" Val="synthesis"/>
        <Attr Name="UsedIn" Val="implementation"/>
        <Attr Name="UsedIn" Val="simulation"/>
      </FileInfo>
    </File>
    <File Path="$PSRCDIR/sources_1/new/step_sel.v">
      <FileInfo>
        <Attr Name="ImportPath" Val="$PPRDIR/../../../../../EE2020_myDAC/EE2020_myDAC.srcs/sources_1/new/step_sel.v"/>
        <Attr Name="ImportTime" Val="1490783092"/>
        <Attr Name="UsedIn" Val="synthesis"/>
        <Attr Name="UsedIn" Val="implementation"/>
        <Attr Name="UsedIn" Val="simulation"/>
      </FileInfo>
    </File>
    <File Path="$PSRCDIR/sources_1/new/step_calc.v">
      <FileInfo>
        <Attr Name="ImportPath" Val="$PPRDIR/../../../../../EE2020_myDAC/EE2020_myDAC.srcs/sources_1/new/step_calc.v"/>
        <Attr Name="ImportTime" Val="1490790273"/>
        <Attr Name="UsedIn" Val="synthesis"/>
        <Attr Name="UsedIn" Val="implementation"/>
        <Attr Name="UsedIn" Val="simulation"/>
      </FileInfo>
    </File>
    <File Path="$PSRCDIR/sources_1/new/square_gen.v">
      <FileInfo>
        <Attr Name="ImportPath" Val="$PPRDIR/../../../../../EE2020_myDAC/EE2020_myDAC.srcs/sources_1/new/square_gen.v"/>
        <Attr Name="ImportTime" Val="1489980549"/>
        <Attr Name="UsedIn" Val="synthesis"/>
        <Attr Name="UsedIn" Val="implementation"/>
        <Attr Name="UsedIn" Val="simulation"/>
      </FileInfo>
    </File>
    <File Path="$PSRCDIR/sources_1/new/single_pulse.v">
      <FileInfo>
        <Attr Name="ImportPath" Val="$PPRDIR/../../../../../EE2020_myDAC/EE2020_myDAC.srcs/sources_1/new/single_pulse.v"/>
        <Attr Name="ImportTime" Val="1489472418"/>
        <Attr Name="UsedIn" Val="synthesis"/>
        <Attr Name="UsedIn" Val="implementation"/>
        <Attr Name="UsedIn" Val="simulation"/>
      </FileInfo>
    </File>
    <File Path="$PSRCDIR/sources_1/new/duty_cycle_control.v">
      <FileInfo>
        <Attr Name="ImportPath" Val="$PPRDIR/../../../../../EE2020_myDAC/EE2020_myDAC.srcs/sources_1/new/duty_cycle_control.v"/>
        <Attr Name="ImportTime" Val="1490777459"/>
        <Attr Name="UsedIn" Val="synthesis"/>
        <Attr Name="UsedIn" Val="implementation"/>
        <Attr Name="UsedIn" Val="simulation"/>
      </FileInfo>
    </File>
    <File Path="$PSRCDIR/sources_1/new/dc_gen.v">
      <FileInfo>
        <Attr Name="ImportPath" Val="$PPRDIR/../../../../../EE2020_myDAC/EE2020_myDAC.srcs/sources_1/new/dc_gen.v"/>
        <Attr Name="ImportTime" Val="1489474294"/>
        <Attr Name="UsedIn" Val="synthesis"/>
        <Attr Name="UsedIn" Val="implementation"/>
        <Attr Name="UsedIn" Val="simulation"/>
      </FileInfo>
    </File>
    <File Path="$PSRCDIR/sources_1/imports/sources_1/imports/SourceFiles/DA2RefComp.vhd">
      <FileInfo>
        <Attr Name="ImportPath" Val="$PPRDIR/../../../../../../../../../../../../../../../../../../Xilinx/DJ/EE2020_Template/EE2020_Template.srcs/sources_1/imports/sources_1/imports/SourceFiles/DA2RefComp.vhd"/>
        <Attr Name="ImportTime" Val="1475398782"/>
        <Attr Name="UsedIn" Val="synthesis"/>
        <Attr Name="UsedIn" Val="simulation"/>
      </FileInfo>
    </File>
    <File Path="$PSRCDIR/sources_1/imports/sources_1/new/myDAC_TOP.v">
      <FileInfo>
        <Attr Name="ImportPath" Val="$PPRDIR/../../../../../../../../../../../../../../../../../../Xilinx/DJ/EE2020_Template/EE2020_Template.srcs/sources_1/imports/sources_1/new/myDAC_TOP.v"/>
        <Attr Name="ImportTime" Val="1488728453"/>
        <Attr Name="UsedIn" Val="synthesis"/>
        <Attr Name="UsedIn" Val="implementation"/>
        <Attr Name="UsedIn" Val="simulation"/>
      </FileInfo>
    </File>
    <File Path="$PSRCDIR/sources_1/new/temp_div.v">
      <FileInfo>
        <Attr Name="AutoDisabled" Val="1"/>
        <Attr Name="ImportPath" Val="$PPRDIR/../../../../EE2020_myDAC.srcs/sources_1/new/temp_div.v"/>
        <Attr Name="ImportTime" Val="1490950712"/>
        <Attr Name="UsedIn" Val="synthesis"/>
        <Attr Name="UsedIn" Val="implementation"/>
        <Attr Name="UsedIn" Val="simulation"/>
      </FileInfo>
    </File>
    <File Path="$PSRCDIR/sources_1/imports/EE2020_myDAC/archive_project_summary.txt">
      <FileInfo>
        <Attr Name="ImportPath" Val="$PPRDIR/../../../../../EE2020_myDAC/archive_project_summary.txt"/>
        <Attr Name="ImportTime" Val="1488728492"/>
      </FileInfo>
    </File>
    <File Path="$PPRDIR/../../../../archive_project_summary.txt"/>
    <Config>
      <Option Name="DesignMode" Val="RTL"/>
      <Option Name="TopModule" Val="myDAC_TOP"/>
      <Option Name="TopAutoSet" Val="TRUE"/>
    </Config>
  </FileSet>
  <FileSet Name="constrs_in" Type="Constrs" RelSrcDir="$PSRCDIR/constrs_1">
    <Filter Type="Constrs"/>
    <File Path="$PSRCDIR/constrs_1/imports/_solution_files/Basys3_Master.xdc">
      <FileInfo>
        <Attr Name="ImportPath" Val="$PPRDIR/../../../../../../../../../../../../../../../../../../Xilinx/DJ/EE2020_Template/EE2020_Template.srcs/constrs_1/imports/_solution_files/Basys3_Master.xdc"/>
        <Attr Name="ImportTime" Val="1488728037"/>
        <Attr Name="UsedIn" Val="synthesis"/>
        <Attr Name="UsedIn" Val="implementation"/>
      </FileInfo>
    </File>
    <Config>
      <Option Name="ConstrsType" Val="XDC"/>
    </Config>
  </FileSet>
  <Strategy Version="1" Minor="2">
    <StratHandle Name="Vivado Synthesis Defaults" Flow="Vivado Synthesis 2016"/>
    <Step Id="synth_design"/>
  </Strategy>
</GenRun>
